user_id,timestamp_unix,device_hash,ip_hash,geo_hash,failed_attempts,label,attack_type,hour_of_day
119,1729816954,302243014935251652,3574852443,2347525061,5,1,brute_force,0.7098
113,1732249358,16014723786373598169,949892791,4283987367,6,1,brute_force,4.4702
81,1733289882,10797919372635659865,4294738379,1043081253,5,1,brute_force,5.3702
95,1733876850,14692982654847044390,1761965940,4193297524,8,1,brute_force,0.6453
61,1727745902,15740865430378335727,1294109249,2279971847,6,1,brute_force,1.5699
19,1729391447,14499661645355755691,2361516763,1082522863,4,1,brute_force,2.4633
188,1732333068,8804112003765085180,3938177184,1540631754,5,1,brute_force,3.7408
4,1729548804,11493060794873815356,174342840,2279971847,8,1,brute_force,22.4055
34,1733612190,15723450511865835740,204285180,2794199129,5,1,brute_force,22.9616
176,1732837004,12441203497489658642,1568055120,2550587557,6,1,brute_force,23.4695
189,1730681916,6248893609612340054,3421888898,500886548,6,1,brute_force,1.0476
44,1732768913,17825202056023775909,2797632359,2104908002,5,1,brute_force,4.6348
85,1731020314,6365385693463619405,2423108530,714767198,4,1,brute_force,23.0464
48,1733624097,10445975963785154382,2345827062,2550587557,5,1,brute_force,2.3038
106,1729053225,4944524387670528363,865616390,3262439288,4,1,brute_force,4.7298
156,1731107506,8289551837520144435,2695857269,2896108134,4,1,brute_force,23.2545
56,1731967419,2489772393428864045,3502020616,2070229342,3,1,brute_force,22.27
170,1734324210,257058995344408658,3677862503,2991349423,5,1,brute_force,4.5947
86,1729374980,11949173059024941466,2309462802,625963378,5,1,brute_force,22.0299
175,1734836228,14536689039142999711,4152890973,312161040,10,1,brute_force,2.9457
178,1730329456,10940315120208977917,1905882443,1173560795,6,1,brute_force,22.9459
7,1727845248,10902607502014877778,58393342,1445967728,7,1,brute_force,4.8615
108,1727821562,13158410912954207678,1119118799,3885127588,3,1,brute_force,22.2041
163,1733444495,11730033721759125122,2274438450,2070229342,3,1,brute_force,0.1236
56,1728358515,7781796347521218465,1898200734,3097377620,8,1,brute_force,3.5197
1,1733442186,14630329514088037363,2368513118,1505501304,6,1,brute_force,23.9089
149,1728428582,6735735304942423788,1571711104,1896627827,4,1,brute_force,22.8467
36,1731886962,9330626703504901128,4216434829,81659432,5,1,brute_force,23.8356
23,1728265878,7953672618903385170,1222937598,3181437739,6,1,brute_force,1.9008
59,1731453529,13548497616228580149,3985114003,2047605183,8,1,brute_force,23.3862
39,1732232233,9011257016821998831,2546814149,149713228,3,1,brute_force,23.8376
40,1727830480,11270925603068125620,2009921803,1173560795,6,1,brute_force,1.1006
18,1728080244,18325901511869854495,34147242,4193297524,7,1,brute_force,22.1206
3,1731545026,6082308394420458730,3250129306,3919486309,10,1,brute_force,0.9617
53,1728599935,4985576787511351404,159811734,149776974,8,1,brute_force,22.6964
46,1731729244,9886434722350202927,1306648296,2104908002,4,1,brute_force,4.1038
148,1731543049,1113174046942625151,903016531,213853132,7,1,brute_force,0.0558
124,1733452192,6446112706460784316,2652531755,3154338057,7,1,brute_force,2.3175
181,1730328817,3487200863599313653,1135387983,1191768231,7,1,brute_force,22.7839
161,1734045850,11089044996314668546,2535650003,2312041214,8,1,brute_force,23.5226
189,1734737107,6186859937320790458,250201505,2987071005,9,1,brute_force,23.4494
114,1729294945,15878583929520307045,809052865,1173560795,3,1,brute_force,23.713
143,1733009512,9839070612464671324,3096109199,133992173,3,1,brute_force,23.5431
150,1733464076,3549785895756309351,2376610063,213853132,7,1,brute_force,5.8137
159,1729465313,16180223480793958306,2662179687,2226778640,4,1,brute_force,23.0996
102,1731365191,11680662508127971580,3923583478,4056570909,3,1,brute_force,22.7088
192,1728525160,11498235973401691342,19157578,2312041214,5,1,brute_force,2.0074
130,1728601085,2844904083747489285,4176427226,312161040,8,1,brute_force,22.9625
106,1735429281,9459980392876899723,1517415099,733600592,3,1,brute_force,23.7993
167,1732140440,10606918388046026582,3463644385,1188266807,7,1,brute_force,22.3707
27,1727916296,10945688524159289234,146155462,2991349423,3,1,brute_force,0.7234
164,1729123138,4123577838084232741,408781101,1828779052,3,1,brute_force,23.8663
93,1729820569,17203714180890338371,3695358763,2775420258,5,1,brute_force,1.9554
24,1728426694,12109190505454833208,4102431173,3154338057,3,1,brute_force,22.6353
23,1735363640,11868596539951732879,4233627965,3939481651,8,1,brute_force,5.4466
111,1729402420,9776974635307127881,2048388633,3439071889,8,1,brute_force,5.4955
150,1732492617,12805323173196626065,3783420659,213853132,7,1,brute_force,23.7787
152,1730690121,13465485649114437773,954921547,2949645509,4,1,brute_force,3.4035
27,1729984951,1694450647891889514,2147486654,2461460674,6,1,brute_force,23.2694
196,1728002242,5881654378606120758,624918442,3439071889,4,1,brute_force,0.3956
199,1733544241,141657059009346845,2957257946,1422191443,4,1,brute_force,3.8885
97,1728442338,17396374245819507350,3698432386,133992173,6,1,brute_force,3.0721
106,1730847115,14386422965529463583,2334865368,1082522863,7,1,brute_force,23.0782
18,1729306796,15554957759405197827,1723816504,2211762979,3,1,brute_force,2.8931
106,1727757268,17528030769557617180,2758969792,3154338057,4,1,brute_force,4.3953
86,1735511532,8515321946968274924,1518190182,3154338057,9,1,brute_force,22.7
9,1728611513,3655564098407128167,2099007687,3171616939,5,1,brute_force,2.0091
102,1733177399,7519743848181252897,779395925,3872299384,9,1,brute_force,22.2828
43,1731449864,5610230941242662898,657854881,2635082121,10,1,brute_force,22.3715
184,1734132069,14175147004567862222,2222721109,1442445169,6,1,brute_force,23.5426
105,1727922214,13131972023620304147,3575257184,1852835591,4,1,brute_force,2.2292
124,1732055237,2800238153211459926,2471712249,3885127588,7,1,brute_force,22.6593
71,1735361850,17548306233495080316,3832774589,2279971847,4,1,brute_force,5.0657
187,1734410779,17486961171792444305,3543709576,3154338057,4,1,brute_force,4.8193
194,1728613375,4632246124418944101,350180636,625963378,7,1,brute_force,2.5472
165,1730335408,4337900154139643673,61697006,2226600159,5,1,brute_force,0.5388
23,1732942803,17994024942492150293,2138692900,475887879,4,1,brute_force,5.0256
154,1728863370,2745711054077842220,806050737,1082522863,7,1,brute_force,0.0669
69,1734393083,852745054638832617,3494835340,2986421699,7,1,brute_force,23.8209
199,1729316611,16723209047229597018,1995901159,3919486309,3,1,brute_force,5.7089
38,1728775753,7490688438877472315,3126790147,3971668171,4,1,brute_force,23.2378
78,1727920897,17216915624766347092,2372908977,2529402244,4,1,brute_force,1.811
27,1730069957,2617008627588031273,4166089881,3171616939,5,1,brute_force,23.1141
112,1734046371,3321922049493368182,3306476266,3919486309,7,1,brute_force,23.6302
87,1732756964,18091520043915483792,1140216117,2321178083,7,1,brute_force,1.5725
101,1729549043,3681467811367876623,4266488524,500886548,7,1,brute_force,22.3373
5,1732487484,6195100857151354983,2580065749,2461460674,3,1,brute_force,22.3107
12,1734831603,5761471806305074852,2372978141,3044893348,3,1,brute_force,1.5707
159,1727827916,3877225628099625270,4157516442,4283987367,4,1,brute_force,23.9496
63,1731287700,173947395856016584,3865017839,243948000,4,1,brute_force,1.4348
23,1735096322,5578800557552421415,1556002089,149776974,3,1,brute_force,3.1195
177,1731969519,8621791494013826076,2861685113,3739961340,5,1,brute_force,22.4845
148,1733011856,2643160563748599938,1538383329,149713228,3,1,brute_force,0.2992
165,1730785295,646982607895775432,2444215598,901274049,7,1,brute_force,5.4648
117,1731798572,15397447397064349739,455823633,2172223980,7,1,brute_force,22.9687
102,1730949144,2175109754966844064,4114945575,312161040,6,1,brute_force,3.0143
49,1734132186,3188560230874346699,3978153786,901274049,3,1,brute_force,23.3825
64,1728425878,16115800713970328436,3297858660,2794199129,8,1,brute_force,22.1279
100,1734220207,9628404625937686228,813428232,1082522863,10,1,brute_force,23.6179
69,1731812277,17621339994715789875,1639860265,2939096829,4,1,brute_force,3.143
162,1731450879,6674803456834078848,6270554,2312041214,7,1,brute_force,22.6956
186,1732313225,4989540387062076760,2956775348,1442445169,8,1,brute_force,22.17
170,1728258286,11376678774796521787,1809633046,2529402244,6,1,brute_force,23.9172
143,1729548870,12203967415452405838,1092616540,2586636795,5,1,brute_force,22.4223
69,1731884157,16862174511469087814,433961967,1828779052,5,1,brute_force,23.1256
195,1728004405,1845216785385327204,246472085,1442445169,6,1,brute_force,1.169
5,1729143092,7023106198407396649,1518075180,3047246726,5,1,brute_force,5.6188
101,1732935913,1006652011529352370,750750325,312161040,9,1,brute_force,3.2492
15,1731991549,16260350338210919798,697726340,149776974,7,1,brute_force,4.7726
15,1728167738,5003464398747203259,467449873,2172223980,4,1,brute_force,22.8265
126,1731543566,1629820194572320197,990182209,3939481651,6,1,brute_force,0.149
16,1732146436,16742900427397896559,2787678388,3739961340,7,1,brute_force,23.7675
197,1729813028,3531508467908381611,1233242280,4193297524,3,1,brute_force,23.8439
73,1731553855,108229962104094721,94871341,80497160,5,1,brute_force,2.947
78,1734493840,14156610529904343841,3063251996,2836291594,9,1,brute_force,4.0739
78,1728263541,4190838559212665855,2175058025,3700652525,6,1,brute_force,1.2039
155,1731275784,18034532022343258587,3126787411,2347525061,4,1,brute_force,22.1127
162,1734923045,6172281427691839214,315926386,2362123785,3,1,brute_force,3.2877
53,1732425851,13012569613464684407,2642080361,1532357799,6,1,brute_force,5.3332
130,1735268020,3979382550832950693,2530821716,714767198,6,1,brute_force,2.8933
138,1729816671,1651611370545341823,511033868,2172223980,5,1,brute_force,0.6349
7,1732747114,17527988350839552844,4082213329,2252363808,6,1,brute_force,22.4182
91,1732250043,8819061503608155295,2669223375,2586636795,3,1,brute_force,4.7006
157,1728182194,562523191346759852,3951017200,2100847244,3,1,brute_force,2.6489
194,1732245121,4800350119097448952,295953250,2896108134,6,1,brute_force,3.2023
40,1728858591,4898825200937838334,169317077,901274049,3,1,brute_force,22.5961
87,1729918186,12908911598036850193,1176603659,2321178083,8,1,brute_force,4.8862
11,1729290853,375322051299278393,445019637,3181437739,3,1,brute_force,22.4052
106,1732590866,15923058588268624033,2945506964,1852835591,7,1,brute_force,3.2095
65,1735251172,15134380739585981911,563246302,3044893348,5,1,brute_force,22.29
103,1732074880,10089313978840948677,1372752424,3097377620,5,1,brute_force,3.702
5,1733957819,688317302566754854,1140208722,2461460674,7,1,brute_force,22.8949
88,1732060357,1171285034681146290,1431096881,2939096829,5,1,brute_force,23.9035
54,1728690188,7592467305119648958,3257950020,2100847244,7,1,brute_force,23.9655
120,1730425063,16776113503209352960,2799302215,2252363808,6,1,brute_force,1.4832
91,1735081048,3089366917830003129,886613326,701003064,6,1,brute_force,23.1489
58,1729983587,14058861563984607884,3670359388,3844731625,7,1,brute_force,23.0824
6,1731372925,15131363440340505186,3395199597,210653225,6,1,brute_force,0.8058
155,1731980592,2142651895159283557,3921667138,3439071889,6,1,brute_force,1.9062
144,1730944820,2381738102528415769,1262386255,3548884223,7,1,brute_force,2.1452
131,1735006435,13422944516674873300,1928959667,210653225,9,1,brute_force,1.9879
105,1727824993,11421279963577915506,2368573678,3971668171,5,1,brute_force,23.556
46,1735426737,15988800799383973730,4264418324,243948000,6,1,brute_force,22.778
90,1734152935,10726054678034847258,1414503502,3439071889,3,1,brute_force,5.1123
79,1733703879,5116992278309228245,1746325738,3036385820,5,1,brute_force,0.56
73,1734909521,11423448617858029301,3327640949,2211762979,5,1,brute_force,23.2495
176,1729557232,6607541974515503723,33835934,3872299384,8,1,brute_force,0.4568
194,1733181335,15876136826709765054,2902163696,1896627827,6,1,brute_force,23.0734
130,1734837848,2266748531343406094,631944376,3844731625,7,1,brute_force,3.4199
12,1735079403,5066923583720412907,2349421335,149713228,3,1,brute_force,22.4315
47,1731214841,9131474760191793337,2493567933,2896108134,5,1,brute_force,4.8347
16,1731472681,7263530620401582553,3275685519,3154338057,9,1,brute_force,4.5304
7,1735169890,9873360184693973699,1467724304,3300375477,4,1,brute_force,23.6517
69,1728608677,8791000323656147317,1069784043,4056570909,3,1,brute_force,1.1956
79,1732837444,1210699501715491615,4098707157,2461460674,5,1,brute_force,23.5272
81,1729206365,1193717094129024435,2137884087,3700652525,7,1,brute_force,23.0201
38,1734906383,887017850277706883,2429543550,2586636795,5,1,brute_force,22.1974
145,1730941193,2973954537122860936,1140665674,2312041214,5,1,brute_force,1.0155
76,1734475641,7415081521047303424,2591695711,2991349423,7,1,brute_force,22.7024
133,1735082533,17158566514666787812,901807523,2312041214,4,1,brute_force,23.6159
167,1735337970,9023515455452527199,1071469211,210653225,7,1,brute_force,22.3155
147,1734651054,6832974726366641209,3824174192,1263096419,4,1,brute_force,23.7511
164,1729034897,14304754426881676000,3749327965,3974221258,5,1,brute_force,23.7156
51,1730419683,9852896384984287712,1001322437,2991349423,7,1,brute_force,0.3054
152,1733092896,14583806677435485234,576739031,2362123785,8,1,brute_force,22.8292
147,1729575946,11370058097526568385,3743924525,3097377620,7,1,brute_force,5.9665
169,1732399701,2843511831426798607,879103691,683263404,7,1,brute_force,22.0645
78,1734560656,9769805608330773770,2117259386,625963378,5,1,brute_force,22.5065
114,1731715033,2624425642319881585,4128316862,625963378,3,1,brute_force,0.0851
199,1728861683,17710209243387654100,1667698781,137194799,4,1,brute_force,23.2471
174,1730673840,6919786406315442178,3822970578,1484972229,8,1,brute_force,22.5513
144,1728165843,11524101469314837468,4018481652,1173560795,8,1,brute_force,22.2803
179,1734909064,5149237253593009279,1430807445,149713228,10,1,brute_force,23.3097
29,1732588329,6065731076883546938,3535667055,1852835591,3,1,brute_force,2.5829
145,1728881911,12511260551646150600,1707450822,3641883418,6,1,brute_force,5.0352
7,1730937982,10887603517645080665,1085468071,3971668171,6,1,brute_force,23.9199
138,1728102591,5954359496687980362,1824057330,3300375477,7,1,brute_force,4.2477
165,1730088485,21382083020187235,1950053501,2321178083,6,1,brute_force,3.9853
6,1734304807,9643013816458397968,2347870032,3154338057,7,1,brute_force,23.4018
16,1729120164,6138431191584499829,1021712882,2100847244,5,1,brute_force,23.1859
15,1734300075,17305980792435062783,2888691841,1828779052,4,1,brute_force,22.0563
160,1732927534,3550001239903397601,1695973207,2226778640,4,1,brute_force,0.736
84,1733702155,2121288169704947611,4866922,2794199129,3,1,brute_force,23.7469
75,1730330685,164597928341529236,2496661401,237097609,5,1,brute_force,23.621
107,1734564695,10100930740914454745,1338617521,210653225,3,1,brute_force,23.4011
109,1728705390,8928444604625018807,3247044758,3097377620,5,1,brute_force,3.9885
78,1735084786,7535301222097434492,2273651793,733600592,6,1,brute_force,23.9132
158,1732855594,16454901982142752308,1415539757,2550587557,8,1,brute_force,4.709
67,1730759819,13509694033742946208,355881397,3739961340,8,1,brute_force,22.4851
61,1728783424,7912611342054811558,2705585077,2836291594,4,1,brute_force,1.8268
138,1733355995,9273272020649744420,235428943,2635082121,3,1,brute_force,23.8526
4,1730330064,9974290074647558111,4228731636,1532357799,4,1,brute_force,23.4037
51,1730761382,3399759889074427991,893067944,3171616939,10,1,brute_force,23.2716
196,1733183138,2755943129174866407,1662162064,3154338057,6,1,brute_force,23.9197
153,1734823855,927727931019219266,2447365643,2226600159,4,1,brute_force,23.2926
22,1728345605,2525511410362813129,1753365671,2926269245,8,1,brute_force,23.8693
105,1730066737,8367408805169233157,3496224624,1828779052,5,1,brute_force,22.1794
84,1735263755,4079574900275094876,623198514,133992173,8,1,brute_force,1.7733
60,1734822581,8917559848450370415,1600282120,2104908002,4,1,brute_force,23.2762
16,1728693352,7211529490067442956,1905817852,3739961340,5,1,brute_force,0.4219
63,1729660924,16230049916134612776,3031386390,2117461838,0,1,account_takeover,5.3145
20,1731983410,1674253209321332437,1683128111,2377735281,1,1,account_takeover,2.5563
196,1731892348,8234987969218970787,1120110966,2510193267,1,1,account_takeover,1.0237
158,1728095314,18382548105586803303,825395320,2273814648,0,1,account_takeover,2.3155
174,1733280591,2788677255051094627,743612935,2029733695,0,1,account_takeover,2.7959
10,1728603752,17145828439352794969,4249262612,2117461838,0,1,account_takeover,23.6586
197,1731725534,3891463713746454416,2036069289,2510193267,2,1,account_takeover,2.9762
113,1732234476,18034348469132684250,3877395129,2273814648,1,1,account_takeover,0.3152
52,1730340514,6210923997682215667,4266593465,2510193267,1,1,account_takeover,2.1626
92,1729562800,18328818457659964905,488439018,2029733695,0,1,account_takeover,2.2876
65,1728795651,6811114505368988335,2437939948,2273814648,0,1,account_takeover,4.9012
60,1728949443,6117337419824608126,2448048479,2377735281,0,1,account_takeover,23.783
6,1728702059,14071140389949873931,2048700553,2273814648,1,1,account_takeover,3.2475
96,1734391356,13642332419710805122,3528861813,2029733695,1,1,account_takeover,23.5772
18,1732317225,6281541203702334762,265542593,2029733695,0,1,account_takeover,23.01
122,1734498082,191373873616813564,4007313077,2510193267,0,1,account_takeover,4.9309
139,1730347546,14610388610606226006,1232270766,2510193267,0,1,account_takeover,4.2133
116,1731535065,16529264225932563860,558614717,2377735281,0,1,account_takeover,22.1382
114,1732832375,7293669944531230916,2967158859,2117461838,2,1,account_takeover,22.1976
142,1735427637,1350653195764617492,1421525966,2117461838,0,1,account_takeover,23.4441
24,1731727068,12277596461534583997,332845333,2273814648,1,1,account_takeover,3.3748
66,1734653050,3949506191841805763,3167611566,2510193267,1,1,account_takeover,0.1255
3,1727911081,2193965149087322446,2158537064,2377735281,1,1,account_takeover,23.0935
128,1735509228,17690389552865165532,3385384669,2510193267,2,1,account_takeover,22.0062
46,1731560659,6868072669404537733,1508142364,2377735281,1,1,account_takeover,5.1833
51,1729462727,906746385609418410,2915777003,2029733695,1,1,account_takeover,22.5288
111,1730694604,9880219801390316337,2447868266,2510193267,0,1,account_takeover,4.2638
120,1730423696,5999023029521937056,2867605288,2510193267,1,1,account_takeover,1.1185
9,1735096107,11226943177203739086,1700446716,2377735281,1,1,account_takeover,3.0549
136,1729726632,453505351266256356,2375885726,2273814648,0,1,account_takeover,23.5243
86,1731795250,15306080519114962954,3622805861,2273814648,1,1,account_takeover,22.2435
19,1732925152,1474068460693803565,1026339170,2029733695,1,1,account_takeover,23.9731
165,1729397956,14593097632541508276,2342610214,2117461838,1,1,account_takeover,4.406
90,1728778299,9422727469140132887,2331973299,2377735281,0,1,account_takeover,0.1042
102,1728517437,4102550331502104634,1796026654,2029733695,1,1,account_takeover,23.7219
167,1730585847,5644449357159808571,915381843,2377735281,0,1,account_takeover,22.2935
194,1732669243,8840594992347670541,2669589353,2273814648,1,1,account_takeover,0.7886
54,1731109025,17831486004916578544,2269800920,2029733695,0,1,account_takeover,23.5571
56,1729561791,8585624831390936190,2036683014,2273814648,0,1,account_takeover,1.7967
46,1732919352,6634513571061249460,2293732749,2377735281,0,1,account_takeover,22.4822
126,1734760881,2579246315450852882,1266048491,2510193267,0,1,account_takeover,5.9585
74,1731627234,7225333348689877830,878771588,2510193267,0,1,account_takeover,23.4868
65,1727761518,2494871344706182764,1488582831,2377735281,0,1,account_takeover,5.7171
57,1732068294,13585889385007122555,878926033,2029733695,1,1,account_takeover,2.0113
196,1732231760,17903519848596068503,4007043601,2377735281,1,1,account_takeover,23.3406
171,1730766141,15634329035468921764,648590847,2117461838,0,1,account_takeover,0.1681
149,1732761401,2302551349668957866,3289730490,2510193267,0,1,account_takeover,2.4449
197,1728605369,3512115527465273118,731086369,2029733695,0,1,account_takeover,23.9712
174,1732584361,14786772819215851567,1154352719,2029733695,1,1,account_takeover,1.6609
22,1734389056,57436139158335842,2044167552,2510193267,0,1,account_takeover,22.9185
85,1735081752,17542005887189866393,3962044708,2273814648,0,1,account_takeover,23.0838
180,1731117522,10324431091772053861,1433668516,2510193267,0,1,account_takeover,1.89
31,1728362806,9414327147855137814,1201923839,2117461838,0,1,account_takeover,4.858
183,1729471767,7560371788871424785,2144514904,2273814648,0,1,account_takeover,0.9293
69,1732834178,1620461355155770437,2873836561,2117461838,0,1,account_takeover,22.8948
81,1734565542,587727605333901107,1765153247,2377735281,1,1,account_takeover,23.6615
9,1728424734,9669149229639254156,1914178985,2510193267,1,1,account_takeover,22.0679
154,1734061929,16440973957341977047,3444064675,2273814648,0,1,account_takeover,3.8312
8,1733008559,8705385390234721785,2243598559,2377735281,1,1,account_takeover,23.3099
189,1733629552,16178159853644857998,3848834117,2029733695,0,1,account_takeover,3.714
129,1729722888,14306244705028478304,3421287991,2117461838,2,1,account_takeover,22.5001
94,1732055779,3525565689922442675,2344522833,2377735281,0,1,account_takeover,22.3926
103,1729208326,7701117350580197145,4233607344,2510193267,1,1,account_takeover,23.4945
73,1730671913,15554813660903539826,1112045214,2273814648,1,1,account_takeover,22.3065
6,1729296297,16879752419361399492,644516959,2117461838,0,1,account_takeover,23.8789
71,1731808331,18175765508803504913,2416938420,2117461838,2,1,account_takeover,1.8358
131,1728969880,16739313415794039133,1460240896,2029733695,0,1,account_takeover,5.2919
131,1735426014,7589221204425574234,2243966480,2377735281,1,1,account_takeover,23.0069
81,1729037072,16930282841478440758,2372444239,2273814648,0,1,account_takeover,0.2658
22,1733107344,10217112920031359595,3080435392,2510193267,0,1,account_takeover,2.9341
33,1727823772,3939899270254597033,2215545982,2377735281,0,1,account_takeover,23.1553
200,1733357570,15716468573970096184,2563267236,2029733695,0,1,account_takeover,0.0833
10,1731734280,3496893733889636439,1366335003,2029733695,0,1,account_takeover,5.17
127,1732664518,9611412496979354380,192283347,2510193267,0,1,account_takeover,23.662
162,1732235643,8481639616253237491,1976072258,2377735281,1,1,account_takeover,0.423
48,1733366401,2632968727371289238,2681023991,2377735281,0,1,account_takeover,2.6084
75,1728774879,3485568730446589176,3021880216,2273814648,0,1,account_takeover,23.2704
83,1731451908,1255716239191652947,3430502125,2117461838,1,1,account_takeover,23.0152
106,1729058975,2208512860277592270,2800018331,2377735281,0,1,account_takeover,5.9115
168,1729473940,13027570637448971512,1968293441,2117461838,0,1,account_takeover,1.4219
44,1729651661,10716398208965343987,3429524354,2510193267,0,1,account_takeover,2.9026
162,1734565169,12541780991799533089,437633849,2273814648,0,1,account_takeover,23.4305
25,1732400448,14222473635979291097,3708204530,2510193267,0,1,account_takeover,22.4869
84,1733436162,12829183890580791656,3764206164,2377735281,2,1,account_takeover,22.2913
190,1733441109,13329304781176936520,2552795186,2377735281,0,1,account_takeover,23.4772
20,1733872228,10190880103950698157,2491858258,2117461838,0,1,account_takeover,22.9477
82,1734413732,17776643709955183592,1684851265,2117461838,0,1,account_takeover,5.8303
97,1728615286,11174137947046956836,1910003647,2377735281,0,1,account_takeover,2.9915
71,1735163512,15420169984048356470,1686169606,2117461838,0,1,account_takeover,22.0391
150,1728357782,886434972426878488,3584873594,2377735281,0,1,account_takeover,3.2736
159,1734223453,15691834207400372816,3011273320,2273814648,0,1,account_takeover,0.543
70,1730250883,17086588044434901732,3138157589,2117461838,0,1,account_takeover,1.0421
49,1728959555,10188701345484928096,3071548168,2029733695,1,1,account_takeover,2.5869
153,1733872484,7211320212989985613,1807646805,2273814648,0,1,account_takeover,23.4615
61,1729812431,1733338941915209320,4244346065,2377735281,0,1,account_takeover,23.4909
179,1728264301,4254841520838757398,41882841,2377735281,1,1,account_takeover,1.2575
158,1735019182,7591405747990794583,3257776473,2029733695,0,1,account_takeover,5.6217
67,1732928566,6761931713286819039,241290415,2273814648,1,1,account_takeover,0.9347
45,1735170081,4112785943349120683,212262777,2377735281,1,1,account_takeover,23.6467
197,1728613789,14046539164204851944,357902295,2377735281,0,1,account_takeover,2.3247
112,1733178411,10418958834135434315,2844533534,2029733695,0,1,account_takeover,22.6336
51,1734041119,14432171796658755859,2218103173,2117461838,2,1,account_takeover,22.1406
87,1728099116,7328017561859428284,4050502036,2273814648,1,1,account_takeover,3.5792
146,1728270203,9748399110600644887,654184052,2510193267,2,1,account_takeover,2.8897
154,1730172225,12563342216493647388,4146623435,2117461838,0,1,account_takeover,3.346
60,1729822574,16196213317977653363,838254622,2377735281,0,1,account_takeover,2.3918
103,1733282167,3100813481436342452,3601860121,2273814648,2,1,account_takeover,3.4847
156,1728266764,2759464762957486120,352064361,2510193267,0,1,account_takeover,2.2622
16,1727746746,2607976560021313485,3963653814,2029733695,2,1,account_takeover,1.6209
159,1729656623,3705592490287853191,4088988795,2117461838,0,1,account_takeover,4.1472
85,1730843882,4084635040676746625,1824778712,2273814648,2,1,account_takeover,22.0929
125,1729210703,17287131841467668504,1719464369,2029733695,0,1,account_takeover,0.1665
51,1735341106,5290714545899146159,573273169,2377735281,0,1,account_takeover,23.351
197,1734474764,6435146696236339081,2316182822,2029733695,1,1,account_takeover,22.7413
47,1734646100,9207996793286291860,716634534,2510193267,0,1,account_takeover,22.1624
87,1734572113,14870093701822454445,368504739,2273814648,0,1,account_takeover,1.5233
31,1731044407,10051082851989381247,3512660665,2029733695,0,1,account_takeover,5.8162
6,1729996282,10036577374484243303,3814376873,2029733695,1,1,account_takeover,2.6907
97,1728105659,5061494248711288086,3821596127,2273814648,2,1,account_takeover,5.5482
189,1735000059,10796411027973884511,1327021575,2510193267,0,1,account_takeover,0.2186
169,1730785331,4758072281144641664,2045534389,2510193267,0,1,account_takeover,5.5166
58,1728175910,1632459061100700310,1679681289,2510193267,0,1,account_takeover,0.7698
76,1734480372,18336479663956593849,860858957,2273814648,1,1,account_takeover,23.9604
64,1729915799,1530015766859068278,4062799778,2377735281,0,1,account_takeover,4.3268
162,1727907546,17903466070575098731,2334344872,2377735281,0,1,account_takeover,22.1648
192,1734492285,6477076336171959614,3881470422,2029733695,0,1,account_takeover,3.6239
148,1732140240,7323316343032784306,2868783442,2510193267,0,1,account_takeover,22.1736
85,1733199485,6206459099791282749,548314438,2510193267,1,1,account_takeover,4.3591
174,1728690091,14082121824507754031,1098866160,2377735281,0,1,account_takeover,23.7613
174,1733355884,11333929528496468231,2228431916,2117461838,0,1,account_takeover,23.9364
38,1729465292,12679495489578739884,700436063,2029733695,0,1,account_takeover,23.0772
171,1733022669,1860209497415928280,2282754840,2029733695,1,1,account_takeover,2.9822
119,1727996041,13683855558556452261,530200556,2029733695,0,1,account_takeover,22.6735
71,1729119131,15853655821568402537,2083488842,2377735281,0,1,account_takeover,22.7431
180,1733609357,5909942680644114438,3555349598,2029733695,0,1,account_takeover,22.1189
59,1729054798,12263412995695715787,180024601,2510193267,1,1,account_takeover,5.1229
169,1734042614,4235242003733934538,2521660729,2510193267,0,1,account_takeover,22.4349
182,1733269253,8068725941449994658,3711549527,2377735281,0,1,account_takeover,23.7289
39,1734322711,1401082838213461955,1892357131,2273814648,0,1,account_takeover,4.4132
117,1728602419,7216564356762635197,2745571528,2029733695,0,1,account_takeover,23.3915
64,1730347533,4388297280985606460,2119758516,2377735281,2,1,account_takeover,4.0974
111,1731893043,9508795304362210371,860032893,2029733695,0,1,account_takeover,1.3654
36,1729375369,4330200296497662070,210700009,2029733695,2,1,account_takeover,22.1331
109,1735341407,8684842216430316806,2414453085,2117461838,0,1,account_takeover,23.189
72,1735339224,298246335861934782,1969734405,2029733695,0,1,account_takeover,22.8303
125,1731371430,9526940761157855796,1538740420,2510193267,0,1,account_takeover,0.667
17,1727906883,13938605159870287161,917234609,2510193267,2,1,account_takeover,22.1578
156,1728694340,422401362372044569,3457984419,2029733695,0,1,account_takeover,0.6394
137,1733444970,12623367732395044370,830975986,2029733695,1,1,account_takeover,0.6191
158,1730412872,13068329081108875986,3784215094,2117461838,0,1,account_takeover,22.3878
150,1731538193,11732615650332593665,2955866779,2377735281,0,1,account_takeover,23.0037
104,1734303241,17889807450982046676,102672674,2377735281,1,1,account_takeover,22.8708
26,1732340478,7254777971454686967,2177462961,2029733695,2,1,account_takeover,5.6397
178,1734563063,17618971476639215380,322203654,2029733695,0,1,account_takeover,23.2993
145,1729118634,15657873378510197693,2703692219,2117461838,1,1,account_takeover,22.5483
142,1734908070,3564987466521990810,3504192574,2510193267,0,1,account_takeover,23.0631
79,1734229854,7160858897335127927,2767851320,2510193267,0,1,account_takeover,2.6932
131,1727823286,10350875224042880648,2253535966,2117461838,0,1,account_takeover,23.0546
199,1730849757,2545198026785865317,1429966167,2029733695,0,1,account_takeover,23.4955
145,1731192363,16092920065487364638,3218002401,2117461838,0,1,account_takeover,22.9839
107,1728708599,11895173097322926662,4049272670,2273814648,0,1,account_takeover,4.7511
137,1732060199,1827207140246785120,1815695778,2029733695,2,1,account_takeover,23.6927
13,1729203469,18301886620983049883,1479191180,2273814648,1,1,account_takeover,22.2961
12,1731020263,4352729157087807618,985717034,2377735281,0,1,account_takeover,22.8864
5,1734908424,13167776055984856618,1668791358,2377735281,2,1,account_takeover,22.9537
190,1734308147,9402596649245792585,87487329,2510193267,0,1,account_takeover,0.0631
110,1731540702,11075204264669565370,1506119547,2377735281,0,1,account_takeover,23.6199
112,1729901403,12372378588346657865,604708146,2377735281,1,1,account_takeover,23.9759
41,1734068592,5329722460552698396,1462960425,2273814648,0,1,account_takeover,5.5707
161,1730761454,1361186146561808427,117934202,2510193267,1,1,account_takeover,23.0119
170,1728690334,18119614984379253197,3339272959,2029733695,0,1,account_takeover,23.6099
109,1731028195,15907940924162623704,3909061511,2117461838,0,1,account_takeover,1.2223
130,1732314885,9137992457360985802,104802239,2029733695,0,1,account_takeover,22.5905
176,1729121245,9121144408491266920,1116884459,2117461838,2,1,account_takeover,23.5794
121,1729385517,10998796534335314596,700055132,2273814648,1,1,account_takeover,0.7412
178,1732323131,4743373272991483279,2187856877,2117461838,1,1,account_takeover,0.7991
120,1729297946,6927895864118809380,3316163083,2273814648,0,1,account_takeover,0.7468
186,1727914308,6805228259176607645,2912620804,2273814648,0,1,account_takeover,0.4209
65,1730518933,8163173770604674737,3835005523,2273814648,1,1,account_takeover,3.7191
52,1728426168,2505685253044166430,784010634,2377735281,0,1,account_takeover,22.5307
191,1734906649,4935046429377765574,3100779490,2510193267,0,1,account_takeover,22.5406
39,1729897706,7920475124176643138,3008566708,2377735281,1,1,account_takeover,23.1204
162,1728685040,17318750151480687032,3429461614,2510193267,0,1,account_takeover,22.1394
165,1730602449,350943233012822685,3370270967,2029733695,0,1,account_takeover,2.8682
19,1731371477,10053768409806339967,2771631099,2029733695,1,1,account_takeover,0.7488
180,1734734215,9673382737455669766,282521960,2273814648,1,1,account_takeover,22.548
143,1730783777,8479594913991511975,1020016393,2273814648,1,1,account_takeover,5.0994
150,1728612286,12168576558882276655,3698025767,2273814648,0,1,account_takeover,2.0253
65,1732679970,14329376010472811876,42641453,2273814648,0,1,account_takeover,3.9354
127,1734570902,5187664646690058004,1289461275,2117461838,1,1,account_takeover,1.4063
36,1729902984,2572859263927913162,392016482,2117461838,1,1,account_takeover,0.7039
145,1731374704,7067762607235048587,3355762625,2029733695,0,1,account_takeover,1.4135
11,1735510502,16831174184312330285,2749589187,2117461838,2,1,account_takeover,22.2175
123,1734214989,12654178287342467007,3530070412,2510193267,2,1,account_takeover,22.2332
184,1734820965,7322714856035015455,371496986,2029733695,0,1,account_takeover,22.553
31,1734581896,17174701476037972516,1492208350,2029733695,1,1,account_takeover,4.2107
192,1728182615,16856478890443127618,4121029512,2029733695,0,1,account_takeover,2.9484
97,1732573664,16590009028810847004,562641068,2510193267,0,1,account_takeover,22.4182
154,1734576204,4475107986530050541,3898331687,2377735281,0,1,account_takeover,2.9465
33,1728361355,15186533267998207498,2627785826,2377735281,0,1,account_takeover,4.4225
53,1730704871,15474553818838531070,1379900569,907633113,1,1,insider_threat,7.4264
24,1730883416,919187614339548461,1356081600,1993744450,0,1,insider_threat,8.8584
3,1732092554,9417693688125414123,3348369723,907633113,0,1,insider_threat,8.6528
76,1735369637,5201162600141245846,421644289,3656383652,0,1,insider_threat,7.0704
36,1733430441,8063692943215254499,2322984442,907633113,0,1,insider_threat,20.3733
195,1731098113,6183876540826662010,3546530140,3656383652,0,1,insider_threat,20.7881
24,1734990401,12765096961121618735,3631365811,1993744450,0,1,insider_threat,21.8421
89,1729631818,2317644223461811247,2523762494,44253817,0,1,insider_threat,21.4703
15,1734034592,14770941117048718579,2148840132,1993744450,0,1,insider_threat,20.1019
71,1732256837,2625138512666303286,3753203569,907633113,0,1,insider_threat,6.3119
158,1731701191,12773559570687722047,612405538,2645716411,0,1,insider_threat,19.9653
98,1730664936,371252643268169270,3505737515,794599478,0,1,insider_threat,20.4737
124,1734212602,17662325948581992827,4292498512,907633113,0,1,insider_threat,21.9183
95,1729889922,8814494439959794304,3329831639,3656383652,1,1,insider_threat,20.9536
8,1732520414,6373783182483791339,3853393493,1993744450,0,1,insider_threat,7.6832
56,1730098293,13651009755336316198,43594777,1993744450,0,1,insider_threat,6.6133
23,1729319913,2951710970309212195,564254905,2394598745,0,1,insider_threat,6.6471
108,1733036116,14635616500337258084,2595524569,794599478,1,1,insider_threat,6.7342
13,1729404901,16501179315635600466,3172719599,3656383652,0,1,insider_threat,6.1123
70,1733516708,11324334330758463473,992086339,44253817,0,1,insider_threat,20.3634
163,1733781852,1391490232178107923,81119633,3026882549,0,1,insider_threat,21.9185
37,1731054382,3733093924556165708,4132065767,3026882549,1,1,insider_threat,8.4255
22,1733175736,16524625322810775940,1467768979,1993744450,0,1,insider_threat,21.8152
160,1730875538,6583676863182294838,2616280486,3026882549,0,1,insider_threat,6.8511
91,1731276420,1059599934232172539,3994198174,2394598745,0,1,insider_threat,21.978
88,1729933189,8657697980181128955,4187847068,907633113,0,1,insider_threat,8.9527
59,1732349386,12426740338855017846,3227716272,44253817,0,1,insider_threat,8.1045
135,1729839459,16719232429555798297,1251882210,44253817,0,1,insider_threat,7.0242
120,1731738455,13865401015772594500,2433082692,3656383652,0,1,insider_threat,6.2589
10,1729836769,14722597662345145608,692406809,907633113,1,1,insider_threat,6.0444
29,1734856291,10037548549850018703,488269846,2394598745,0,1,insider_threat,8.3257
126,1731705942,15566345330436598532,1239876421,794599478,0,1,insider_threat,21.2754
69,1727898503,12751199748953653535,1964769123,2645716411,0,1,insider_threat,19.9495
124,1731574513,11889090766288939314,1238804845,907633113,0,1,insider_threat,8.8326
184,1729977063,15447123993838586150,315717371,3026882549,0,1,insider_threat,21.1531
173,1735454465,15442211184117470210,1702131832,3656383652,0,1,insider_threat,6.7795
23,1730234697,2951710970309212195,1787418344,2394598745,0,1,insider_threat,20.8731
98,1735026381,10179037415832933484,3377000659,794599478,0,1,insider_threat,7.9245
80,1728715231,6376173599242500560,1266365578,794599478,0,1,insider_threat,6.4858
108,1729973008,14635616500337258084,2939017342,3656383652,0,1,insider_threat,19.8089
111,1731828171,15605030536693327225,2950787814,2645716411,1,1,insider_threat,7.2866
63,1734379551,6292589138386116232,1997589007,3656383652,1,1,insider_threat,20.0967
95,1730101578,8633655984500446999,311311521,2394598745,1,1,insider_threat,8.0038
18,1728202002,6740554015965185528,1346938332,2394598745,0,1,insider_threat,7.9392
66,1730535978,6097411090187783705,3994863783,1993744450,0,1,insider_threat,8.3612
189,1731181668,17542612699141257381,3396534609,3026882549,1,1,insider_threat,19.5778
113,1732566417,1362982032740794044,1022977091,2394598745,0,1,insider_threat,20.5209
45,1730970465,10473559755413357571,285178304,794599478,0,1,insider_threat,8.9538
79,1731702962,5985784577454727967,3117448515,3656383652,0,1,insider_threat,20.834
114,1732304742,13081358287856181534,730193829,2394598745,0,1,insider_threat,19.9093
171,1729581040,1018410270822652496,3385347649,794599478,0,1,insider_threat,7.3871
38,1732690734,10883483814181388531,2288730132,907633113,0,1,insider_threat,7.1355
101,1731312397,4837183034249183778,668164214,1993744450,0,1,insider_threat,8.3212
177,1728336720,10467514573351087684,2451568038,794599478,0,1,insider_threat,21.6771
35,1730183066,16880252259139611357,417268745,2394598745,0,1,insider_threat,6.2616
131,1729375444,5099018709491072783,2613606820,3656383652,0,1,insider_threat,21.9642
187,1730144161,11444860064901871400,2956668994,2394598745,0,1,insider_threat,19.4698
58,1730749492,3800635203240833072,1904593073,1993744450,0,1,insider_threat,19.8515
170,1728423198,15825157685786729273,3953096598,794599478,0,1,insider_threat,21.6018
120,1734078009,13865401015772594500,2966263299,44253817,0,1,insider_threat,8.2172
51,1728714734,3242376654666210997,1229870059,907633113,0,1,insider_threat,6.5888
63,1728933568,18273227209866722943,1849264384,3656383652,0,1,insider_threat,19.1457
90,1732784469,13879953617340852412,3376396724,44253817,0,1,insider_threat,8.973
58,1733174750,82155414158148206,3530701870,1993744450,0,1,insider_threat,21.3198
125,1735282857,13727391369086068564,2237014767,1993744450,0,1,insider_threat,6.7828
95,1731567019,15759066786760598968,11053819,2394598745,0,1,insider_threat,6.677
57,1732652728,12119775825702704180,3211075854,907633113,0,1,insider_threat,20.6016
97,1731573534,10548206740421852795,1412097658,907633113,0,1,insider_threat,8.5698
35,1731438282,16880252259139611357,3258955953,2394598745,0,1,insider_threat,19.303
35,1729154417,16880252259139611357,2130024734,2394598745,0,1,insider_threat,8.5937
29,1731185085,10037548549850018703,849661980,2394598745,1,1,insider_threat,20.5781
72,1735453623,16378668747103924656,2193436776,907633113,1,1,insider_threat,6.2536
84,1730018383,7416858434005047106,1046055577,3656383652,0,1,insider_threat,8.5349
128,1728031512,4263016761328152719,465874083,907633113,0,1,insider_threat,8.5083
3,1729801121,9417693688125414123,2080999910,907633113,1,1,insider_threat,20.3546
111,1734032072,15605030536693327225,2319734220,2645716411,1,1,insider_threat,19.4503
7,1730361819,8717428134697119940,2444945250,2645716411,0,1,insider_threat,7.8551
138,1730320187,10890613402933747422,1207822736,1993744450,0,1,insider_threat,20.6215
19,1732176136,10977311754243379981,3299293291,1993744450,0,1,insider_threat,8.1035
134,1734936734,7365237356794223987,4137946586,3656383652,0,1,insider_threat,7.0155
59,1729838009,12426740338855017846,2279638581,44253817,0,1,insider_threat,6.6651
148,1728633277,11160624225005417454,3278728830,44253817,0,1,insider_threat,7.835
25,1734464541,12631094830329017713,3785510420,1993744450,0,1,insider_threat,19.7122
128,1729929181,4263016761328152719,4045575225,907633113,1,1,insider_threat,7.8143
102,1735245636,8085688749794960776,1163282620,3026882549,0,1,insider_threat,20.7627
58,1729672264,82155414158148206,3777320143,1993744450,0,1,insider_threat,8.7137
52,1734070961,13796928253752987446,2794502237,2394598745,0,1,insider_threat,6.1766
12,1728549382,8253081856343977678,184605651,794599478,0,1,insider_threat,8.7236
11,1731315219,10925230623824663159,1631497213,1993744450,1,1,insider_threat,8.9255
1,1728197445,3955312511262981809,402418853,907633113,0,1,insider_threat,6.6975
53,1733732841,15156900609185852833,886320373,3656383652,0,1,insider_threat,8.3799
58,1731533512,3800635203240833072,478566527,3026882549,0,1,insider_threat,21.7726
197,1734293383,2655086737335291568,2089033620,794599478,0,1,insider_threat,20.076
72,1733080668,2934871141539498129,3131375051,907633113,0,1,insider_threat,19.3724
95,1732950425,8814494439959794304,2137888273,3656383652,0,1,insider_threat,7.2527
62,1728714072,753487918412014617,255578810,794599478,0,1,insider_threat,6.5162
122,1733902655,16594482394511602814,1283877513,1993744450,0,1,insider_threat,7.7163
65,1731186096,10780674447719375591,403753988,3656383652,0,1,insider_threat,20.9424
156,1735025811,6747214855961530039,1539823251,3656383652,1,1,insider_threat,7.6265
65,1735335929,10780674447719375591,2578744266,3656383652,0,1,insider_threat,21.9672
